{
  "0001": {
    "name": "火球术",
    "description": "向敌人发射一个火球",
    "priority": 1,
    "tag": ["enemy_only","ranged"],
    "use_conditions": [
      {"type": "mp_cost", "value": 20}
    ],
    "effects": [
      {"type": "magic_damage", "value": 100},
      {"type": "status", "status_type": "burn", "value": 3}
    ]
  },
  "0002": {
    "name": "治疗术",
    "description": "恢复目标生命值",
    "tag": ["ally_only","ranged"],
    "use_conditions": [
      {"type": "mp_cost", "value": 30}
    ],
    "effects": [
      {"type": "heal", "value": 100}
    ]
  },
  "0003": {
    "name": "冰霜新星",
    "description": "释放一圈冰霜能量,对最近一排敌人造成伤害并减速",
    "tag": ["enemy_only","row"],
    "use_conditions": [
      {"type": "mp_cost", "value": 40}
    ],
    "effects": [
      {"type": "magic_damage", "value": 75},
      {"type": "status", "status_type": "slow", "value": 5}
    ]
  },
  "0004": {
    "name": "闪电链",
    "description": "释放一道闪电,攻击一列敌人",
    "tag": ["enemy_only","ranged", "column"],
    "use_conditions": [
      {"type": "mp_cost", "value": 35}
    ],
    "effects": [
      {"type": "magic_damage", "value": 100}
    ]
  },
  "0005": {
    "name": "挥砍",
    "description": "挥砍敌人",
    "priority": 1,
    "tag": ["enemy_only"],
    "use_conditions": [],
    "effects": [
      {"type": "physical_damage", "value": 100}
    ]
  }
}
